[
  {
    "user": {
      "type": "player",
      "name": "Super1164",
      "uniqueId": "0bb20a4d-e049-4751-8718-6ad0cb553235"
    },
    "time": 1749671056845,
    "type": "Profiler",
    "data": {
      "type": "url",
      "value": "https://spark.lucko.me/dNEYErzFeA"
    }
  },
  {
    "user": {
      "type": "player",
      "name": "Super1164",
      "uniqueId": "0bb20a4d-e049-4751-8718-6ad0cb553235"
    },
    "time": 1749670982264,
    "type": "Profiler (live)",
    "data": {
      "type": "url",
      "value": "https://spark.lucko.me/iQ4KeVjP6d"
    }
  },
  {
    "user": {
      "type": "player",
      "name": "Super1164",
      "uniqueId": "0bb20a4d-e049-4751-8718-6ad0cb553235"
    },
    "time": 1749656916483,
    "type": "Profiler",
    "data": {
      "type": "url",
      "value": "https://spark.lucko.me/B71uw6Ym0v"
    }
  },
  {
    "user": {
      "type": "player",
      "name": "Super1164",
      "uniqueId": "0bb20a4d-e049-4751-8718-6ad0cb553235"
    },
    "time": 1749656736254,
    "type": "Profiler",
    "data": {
      "type": "url",
      "value": "https://spark.lucko.me/y7pvB2iJay"
    }
  }
]